{
    "num_partitions": 1,
    "random_state": 42,
    "num_trials": 10,
    "fit_time": 24.639076471328735,
    "score": 0.8823529411764707
}