{
    "num_partitions": 1,
    "random_state": 42,
    "num_trials": 10,
    "fit_time": 14.78298020362854,
    "score": 0.8766448979591835
}