{
    "num_partitions": 1,
    "random_state": 42,
    "num_trials": 10,
    "fit_time": 21.35475254058838,
    "score": 0.8850068027210884
}